<?xml version="1.0" encoding="UTF-8"?>
<project-private xmlns="http://www.netbeans.org/ns/project-private/1">
    <editor-bookmarks xmlns="http://www.netbeans.org/ns/editor-bookmarks/2" lastBookmarkId="0"/>
    <open-files xmlns="http://www.netbeans.org/ns/projectui-open-files/2">
        <group>
            <file>file:/C:/Users/Dilan/Videos/Mobil/Java/Projects/KYS/src/hastalistesi.java</file>
            <file>file:/C:/Users/Dilan/Videos/Mobil/Java/Projects/KYS/src/hastaedit.java</file>
            <file>file:/C:/Users/Dilan/Videos/Mobil/Java/Projects/KYS/src/labsonuc.java</file>
            <file>file:/C:/Users/Dilan/Videos/Mobil/Java/Projects/KYS/src/sonuc.java</file>
            <file>file:/C:/Users/Dilan/Videos/Mobil/Java/Projects/KYS/src/lab1.java</file>
            <file>file:/C:/Users/Dilan/Videos/Mobil/Java/Projects/KYS/src/yenihasta.java</file>
        </group>
    </open-files>
</project-private>
